<?xml version="1.0" encoding="ISO-8859-1"?>
<attributes>
<attribute>
<srcPos sline="0" eline="0" spos="0" epos="0"/>
<jmpPos sline="6" eline="6" spos="0" epos="0"/>
<text info="[]" aType="ParamNamesTag"/>
</attribute>
<attribute>
<srcPos sline="0" eline="0" spos="0" epos="0"/>
<jmpPos sline="42" eline="42" spos="0" epos="0"/>
<text info="[id]" aType="ParamNamesTag"/>
</attribute>
<attribute>
<srcPos sline="0" eline="0" spos="0" epos="0"/>
<jmpPos sline="137" eline="137" spos="0" epos="0"/>
<text info="[id]" aType="ParamNamesTag"/>
</attribute>
</attributes>
